Workbook

Sheet Calculos
A1: 1. Ingreso de cuencas y parámetros morfológicos.
A2: Parametro | B2: Unidad
A3: Cuenca
A4: Area | B4: (km2)
A5: Curva Numero | B5: (-)
A6: Elevacion Minima | B6: (m s.n.m.)
A7: Elevacion Maxima | B7: (m s.n.m.)
A8: Rango Elevacion | B8: (m)
A9: Elevacion Media | B9: (m s.n.m.)
A10: Pendiente Media Cauce Principal | B10: (m/m)
A11: Largo Cauce Principal | B11: (km)
A12: Largo Cauce - Centro de Gravedad | B12: (km)
A13: Velocidad Media Cauce Principal | B13: (m/s)
A16: 2. Cálculo tiempos de concentración y adopción de tiempo de concentración para cada cuenca
A17: Tiempos de concentración | B17: Unidad
A18: California Culverts Practice | B18: (hr) | C18: =IF(OR(C11="",C8=""),"",IF(OR(C11<=0,C8<=0),"",0.95*((C11^3)/C8)^0.385)) | D18: =IF(OR(D11="",D8=""),"",IF(OR(D11<=0,D8<=0),"",0.95*((D11^3)/D8)^0.385)) | E18: =IF(OR(E11="",E8=""),"",IF(OR(E11<=0,E8<=0),"",0.95*((E11^3)/E8)^0.385)) | F18: =IF(OR(F11="",F8=""),"",IF(OR(F11<=0,F8<=0),"",0.95*((F11^3)/F8)^0.385)) | G18: =IF(OR(G11="",G8=""),"",IF(OR(G11<=0,G8<=0),"",0.95*((G11^3)/G8)^0.385)) | H18: =IF(OR(H11="",H8=""),"",IF(OR(H11<=0,H8<=0),"",0.95*((H11^3)/H8)^0.385)) | I18: =IF(OR(I11="",I8=""),"",IF(OR(I11<=0,I8<=0),"",0.95*((I11^3)/I8)^0.385)) | J18: =IF(OR(J11="",J8=""),"",IF(OR(J11<=0,J8<=0),"",0.95*((J11^3)/J8)^0.385)) | ... O18: =IF(OR(O11="",O8=""),"",IF(OR(O11<=0,O8<=0),"",0.95*((O11^3)/O8)^0.385))
A19: Giandotti | B19: (hr) | C19: =IF(OR(C4="",C11="",C9="",C6=""),"",IF(OR(C4<=0,C11<=0,C9<=C6),"",(4*SQRT(C4)+1.5*C11)/(0.8*SQRT(C9-C6)))) | D19: =IF(OR(D4="",D11="",D9="",D6=""),"",IF(OR(D4<=0,D11<=0,D9<=D6),"",(4*SQRT(D4)+1.5*D11)/(0.8*SQRT(D9-D6)))) | E19: =IF(OR(E4="",E11="",E9="",E6=""),"",IF(OR(E4<=0,E11<=0,E9<=E6),"",(4*SQRT(E4)+1.5*E11)/(0.8*SQRT(E9-E6)))) | F19: =IF(OR(F4="",F11="",F9="",F6=""),"",IF(OR(F4<=0,F11<=0,F9<=F6),"",(4*SQRT(F4)+1.5*F11)/(0.8*SQRT(F9-F6)))) | G19: =IF(OR(G4="",G11="",G9="",G6=""),"",IF(OR(G4<=0,G11<=0,G9<=G6),"",(4*SQRT(G4)+1.5*G11)/(0.8*SQRT(G9-G6)))) | H19: =IF(OR(H4="",H11="",H9="",H6=""),"",IF(OR(H4<=0,H11<=0,H9<=H6),"",(4*SQRT(H4)+1.5*H11)/(0.8*SQRT(H9-H6)))) | I19: =IF(OR(I4="",I11="",I9="",I6=""),"",IF(OR(I4<=0,I11<=0,I9<=I6),"",(4*SQRT(I4)+1.5*I11)/(0.8*SQRT(I9-I6)))) | J19: =IF(OR(J4="",J11="",J9="",J6=""),"",IF(OR(J4<=0,J11<=0,J9<=J6),"",(4*SQRT(J4)+1.5*J11)/(0.8*SQRT(J9-J6)))) | ... O19: =IF(OR(O4="",O11="",O9="",O6=""),"",IF(OR(O4<=0,O11<=0,O9<=O6),"",(4*SQRT(O4)+1.5*O11)/(0.8*SQRT(O9-O6))))
A20: SCS | B20: (hr) | C20: =IF(OR(C11="",C5="",C10=""),"",IF(OR(C11<=0,C10<=0,C5<=0,C5>100),"",((100*((C11*1000/0.3048)^0.8)*(((1000/C5)-9)^0.7))/(1900*SQRT(C10*100)))/60)) | D20: =IF(OR(D11="",D5="",D10=""),"",IF(OR(D11<=0,D10<=0,D5<=0,D5>100),"",((100*((D11*1000/0.3048)^0.8)*(((1000/D5)-9)^0.7))/(1900*SQRT(D10*100)))/60)) | E20: =IF(OR(E11="",E5="",E10=""),"",IF(OR(E11<=0,E10<=0,E5<=0,E5>100),"",((100*((E11*1000/0.3048)^0.8)*(((1000/E5)-9)^0.7))/(1900*SQRT(E10*100)))/60)) | F20: =IF(OR(F11="",F5="",F10=""),"",IF(OR(F11<=0,F10<=0,F5<=0,F5>100),"",((100*((F11*1000/0.3048)^0.8)*(((1000/F5)-9)^0.7))/(1900*SQRT(F10*100)))/60)) | G20: =IF(OR(G11="",G5="",G10=""),"",IF(OR(G11<=0,G10<=0,G5<=0,G5>100),"",((100*((G11*1000/0.3048)^0.8)*(((1000/G5)-9)^0.7))/(1900*SQRT(G10*100)))/60)) | H20: =IF(OR(H11="",H5="",H10=""),"",IF(OR(H11<=0,H10<=0,H5<=0,H5>100),"",((100*((H11*1000/0.3048)^0.8)*(((1000/H5)-9)^0.7))/(1900*SQRT(H10*100)))/60)) | I20: =IF(OR(I11="",I5="",I10=""),"",IF(OR(I11<=0,I10<=0,I5<=0,I5>100),"",((100*((I11*1000/0.3048)^0.8)*(((1000/I5)-9)^0.7))/(1900*SQRT(I10*100)))/60)) | J20: =IF(OR(J11="",J5="",J10=""),"",IF(OR(J11<=0,J10<=0,J5<=0,J5>100),"",((100*((J11*1000/0.3048)^0.8)*(((1000/J5)-9)^0.7))/(1900*SQRT(J10*100)))/60)) | ... O20: =IF(OR(O11="",O5="",O10=""),"",IF(OR(O11<=0,O10<=0,O5<=0,O5>100),"",((100*((O11*1000/0.3048)^0.8)*(((1000/O5)-9)^0.7))/(1900*SQRT(O10*100)))/60))
A21: Normas Españolas | B21: (hr) | C21: =IF(OR(C11="",C10=""),"",IF(OR(C11<=0,C10<=0),"",(18*(C11^0.76)/(C10^0.19))/60)) | D21: =IF(OR(D11="",D10=""),"",IF(OR(D11<=0,D10<=0),"",(18*(D11^0.76)/(D10^0.19))/60)) | E21: =IF(OR(E11="",E10=""),"",IF(OR(E11<=0,E10<=0),"",(18*(E11^0.76)/(E10^0.19))/60)) | F21: =IF(OR(F11="",F10=""),"",IF(OR(F11<=0,F10<=0),"",(18*(F11^0.76)/(F10^0.19))/60)) | G21: =IF(OR(G11="",G10=""),"",IF(OR(G11<=0,G10<=0),"",(18*(G11^0.76)/(G10^0.19))/60)) | H21: =IF(OR(H11="",H10=""),"",IF(OR(H11<=0,H10<=0),"",(18*(H11^0.76)/(H10^0.19))/60)) | I21: =IF(OR(I11="",I10=""),"",IF(OR(I11<=0,I10<=0),"",(18*(I11^0.76)/(I10^0.19))/60)) | J21: =IF(OR(J11="",J10=""),"",IF(OR(J11<=0,J10<=0),"",(18*(J11^0.76)/(J10^0.19))/60)) | ... O21: =IF(OR(O11="",O10=""),"",IF(OR(O11<=0,O10<=0),"",(18*(O11^0.76)/(O10^0.19))/60))
A22: Velocidad Media | B22: (hr) | C22: =IF(OR(C11="",C13=""),"",IF(OR(C11<=0,C13<=0),"",C11/(3.6*C13))) | D22: =IF(OR(D11="",D13=""),"",IF(OR(D11<=0,D13<=0),"",D11/(3.6*D13))) | E22: =IF(OR(E11="",E13=""),"",IF(OR(E11<=0,E13<=0),"",E11/(3.6*E13))) | F22: =IF(OR(F11="",F13=""),"",IF(OR(F11<=0,F13<=0),"",F11/(3.6*F13))) | G22: =IF(OR(G11="",G13=""),"",IF(OR(G11<=0,G13<=0),"",G11/(3.6*G13))) | H22: =IF(OR(H11="",H13=""),"",IF(OR(H11<=0,H13<=0),"",H11/(3.6*H13))) | I22: =IF(OR(I11="",I13=""),"",IF(OR(I11<=0,I13<=0),"",I11/(3.6*I13))) | J22: =IF(OR(J11="",J13=""),"",IF(OR(J11<=0,J13<=0),"",J11/(3.6*J13))) | ... O22: =IF(OR(O11="",O13=""),"",IF(OR(O11<=0,O13<=0),"",O11/(3.6*O13)))
A23: Tiempo de Concentración Adoptado | B23: (hr)
D24: =IF(OR(D20="",D17=""),"",IF(OR(D20<=0,D17<=0),"",0.95*((D20^3)/D17)^0.385)) | E24: =IF(OR(E20="",E17=""),"",IF(OR(E20<=0,E17<=0),"",0.95*((E20^3)/E17)^0.385)) | F24: =IF(OR(F20="",F17=""),"",IF(OR(F20<=0,F17<=0),"",0.95*((F20^3)/F17)^0.385)) | G24: =IF(OR(G20="",G17=""),"",IF(OR(G20<=0,G17<=0),"",0.95*((G20^3)/G17)^0.385)) | H24: =IF(OR(H20="",H17=""),"",IF(OR(H20<=0,H17<=0),"",0.95*((H20^3)/H17)^0.385)) | I24: =IF(OR(I20="",I17=""),"",IF(OR(I20<=0,I17<=0),"",0.95*((I20^3)/I17)^0.385)) | J24: =IF(OR(J20="",J17=""),"",IF(OR(J20<=0,J17<=0),"",0.95*((J20^3)/J17)^0.385)) | K24: =IF(OR(K20="",K17=""),"",IF(OR(K20<=0,K17<=0),"",0.95*((K20^3)/K17)^0.385)) | ... O24: =IF(OR(O20="",O17=""),"",IF(OR(O20<=0,O17<=0),"",0.95*((O20^3)/O17)^0.385))
A29: 3. Ingreso de coeficientes y cálculo C(T=10) y CD Bell
A30: Parametro | B30: Unidad
A31: Cuenca | C31: =IF(ISBLANK(Calculos!C3),"",Calculos!C3) | D31: =IF(ISBLANK(Calculos!D3),"",Calculos!D3) | E31: =IF(ISBLANK(Calculos!E3),"",Calculos!E3) | F31: =IF(ISBLANK(Calculos!F3),"",Calculos!F3) | G31: =IF(ISBLANK(Calculos!G3),"",Calculos!G3) | H31: =IF(ISBLANK(Calculos!H3),"",Calculos!H3) | I31: =IF(ISBLANK(Calculos!I3),"",Calculos!I3) | J31: =IF(ISBLANK(Calculos!J3),"",Calculos!J3) | ... O31: =IF(ISBLANK(Calculos!O3),"",Calculos!O3)
A32: CD1hr | B32: (-)
A33: Relieve | B33: (-)
A34: Infiltracion | B34: (-)
A35: Vegetacion | B35: (-)
A36: Almacenamiento Superficial | B36: (-)
A37: C(T=10) | B37: (-) | C37: =IF(OR(ISBLANK(C33),ISBLANK(C34),ISBLANK(C35),ISBLANK(C36)),"",SUM(C33:C36)) | D37: =IF(OR(ISBLANK(D33),ISBLANK(D34),ISBLANK(D35),ISBLANK(D36)),"",SUM(D33:D36)) | E37: =IF(OR(ISBLANK(E33),ISBLANK(E34),ISBLANK(E35),ISBLANK(E36)),"",SUM(E33:E36)) | F37: =IF(OR(ISBLANK(F33),ISBLANK(F34),ISBLANK(F35),ISBLANK(F36)),"",SUM(F33:F36)) | G37: =IF(OR(ISBLANK(G33),ISBLANK(G34),ISBLANK(G35),ISBLANK(G36)),"",SUM(G33:G36)) | H37: =IF(OR(ISBLANK(H33),ISBLANK(H34),ISBLANK(H35),ISBLANK(H36)),"",SUM(H33:H36)) | I37: =IF(OR(ISBLANK(I33),ISBLANK(I34),ISBLANK(I35),ISBLANK(I36)),"",SUM(I33:I36)) | J37: =IF(OR(ISBLANK(J33),ISBLANK(J34),ISBLANK(J35),ISBLANK(J36)),"",SUM(J33:J36)) | ... O37: =IF(OR(ISBLANK(O33),ISBLANK(O34),ISBLANK(O35),ISBLANK(O36)),"",SUM(O33:O36))
A38: CD Bell | B38: (-) | C38: =IF((C23<=0),"",0.54*(C23*60)^0.25-0.5) | D38: =IF((D23<=0),"",0.54*(D23*60)^0.25-0.5) | E38: =IF((E23<=0),"",0.54*(E23*60)^0.25-0.5) | F38: =IF((F23<=0),"",0.54*(F23*60)^0.25-0.5) | G38: =IF((G23<=0),"",0.54*(G23*60)^0.25-0.5) | H38: =IF((H23<=0),"",0.54*(H23*60)^0.25-0.5) | I38: =IF((I23<=0),"",0.54*(I23*60)^0.25-0.5) | J38: =IF((J23<=0),"",0.54*(J23*60)^0.25-0.5) | ... O38: =IF((O23<=0),"",0.54*(O23*60)^0.25-0.5)
A40: 4. Ingreso de periodos de retorno y precipitaciones máximas en 24 horas, PT24 (mm)
B41: Precipitaciones Máximas en 24 horas, PT24 (mm)
B42: T (años) | C42: =IF(ISBLANK(C3),"",C3) | D42: =IF(ISBLANK(D3),"",D3) | E42: =IF(ISBLANK(E3),"",E3) | F42: =IF(ISBLANK(F3),"",F3) | G42: =IF(ISBLANK(G3),"",G3) | H42: =IF(ISBLANK(H3),"",H3) | I42: =IF(ISBLANK(I3),"",I3) | J42: =IF(ISBLANK(J3),"",J3) | ... O42: =IF(ISBLANK(O3),"",O3)
A54: 5. Ingreso valores coeficientes de ajuste para C según período de retorno
B55: Coeficientes Ajuste C para distintos T
B56: T (años) | C56: Coeficiente
B57: =IF(ISBLANK(B43),"",B43)
B58: =IF(ISBLANK(B44),"",B44)
B59: =IF(ISBLANK(B45),"",B45)
B60: =IF(ISBLANK(B46),"",B46)
B61: =IF(ISBLANK(B47),"",B47)
B62: =IF(ISBLANK(B48),"",B48)
B63: =IF(ISBLANK(B49),"",B49)
B64: =IF(ISBLANK(B50),"",B50)
B65: =IF(ISBLANK(B51),"",B51)
B66: =IF(ISBLANK(B52),"",B52)
A68: 6. Cáclulo de la intensidad media de la precipitación en 24 horas, iT24 (mm/hr)
B69: Intensidad media de la precipitación en 24 horas, iT24 (mm/hr)
B70: T (años) | C70: =IF(ISBLANK(C3),"",C3) | D70: =IF(ISBLANK(D3),"",D3) | E70: =IF(ISBLANK(E3),"",E3) | F70: =IF(ISBLANK(F3),"",F3) | G70: =IF(ISBLANK(G3),"",G3) | H70: =IF(ISBLANK(H3),"",H3) | I70: =IF(ISBLANK(I3),"",I3) | J70: =IF(ISBLANK(J3),"",J3) | ... O70: =IF(ISBLANK(O3),"",O3)
B71: =IF(ISBLANK(B43),"",B43) | C71: =C43/24 -> 0 | D71: =D43/24 -> 0 | E71: =E43/24 -> 0 | F71: =F43/24 -> 0 | G71: =G43/24 -> 0 | H71: =H43/24 -> 0 | I71: =I43/24 -> 0 | J71: =J43/24 -> 0 | ... O71: =O43/24 -> 0
B72: =IF(ISBLANK(B44),"",B44) | C72: =C44/24 -> 0 | D72: =D44/24 -> 0 | E72: =E44/24 -> 0 | F72: =F44/24 -> 0 | G72: =G44/24 -> 0 | H72: =H44/24 -> 0 | I72: =I44/24 -> 0 | J72: =J44/24 -> 0 | ... O72: =O44/24 -> 0
B73: =IF(ISBLANK(B45),"",B45) | C73: =C45/24 -> 0 | D73: =D45/24 -> 0 | E73: =E45/24 -> 0 | F73: =F45/24 -> 0 | G73: =G45/24 -> 0 | H73: =H45/24 -> 0 | I73: =I45/24 -> 0 | J73: =J45/24 -> 0 | ... O73: =O45/24 -> 0
B74: =IF(ISBLANK(B46),"",B46) | C74: =C46/24 -> 0 | D74: =D46/24 -> 0 | E74: =E46/24 -> 0 | F74: =F46/24 -> 0 | G74: =G46/24 -> 0 | H74: =H46/24 -> 0 | I74: =I46/24 -> 0 | J74: =J46/24 -> 0 | ... O74: =O46/24 -> 0
B75: =IF(ISBLANK(B47),"",B47) | C75: =C47/24 -> 0 | D75: =D47/24 -> 0 | E75: =E47/24 -> 0 | F75: =F47/24 -> 0 | G75: =G47/24 -> 0 | H75: =H47/24 -> 0 | I75: =I47/24 -> 0 | J75: =J47/24 -> 0 | ... O75: =O47/24 -> 0
B76: =IF(ISBLANK(B48),"",B48) | C76: =C48/24 -> 0 | D76: =D48/24 -> 0 | E76: =E48/24 -> 0 | F76: =F48/24 -> 0 | G76: =G48/24 -> 0 | H76: =H48/24 -> 0 | I76: =I48/24 -> 0 | J76: =J48/24 -> 0 | ... O76: =O48/24 -> 0
B77: =IF(ISBLANK(B49),"",B49) | C77: =C49/24 -> 0 | D77: =D49/24 -> 0 | E77: =E49/24 -> 0 | F77: =F49/24 -> 0 | G77: =G49/24 -> 0 | H77: =H49/24 -> 0 | I77: =I49/24 -> 0 | J77: =J49/24 -> 0 | ... O77: =O49/24 -> 0
B78: =IF(ISBLANK(B50),"",B50) | C78: =C50/24 -> 0 | D78: =D50/24 -> 0 | E78: =E50/24 -> 0 | F78: =F50/24 -> 0 | G78: =G50/24 -> 0 | H78: =H50/24 -> 0 | I78: =I50/24 -> 0 | J78: =J50/24 -> 0 | ... O78: =O50/24 -> 0
B79: =IF(ISBLANK(B51),"",B51) | C79: =C51/24 -> 0 | D79: =D51/24 -> 0 | E79: =E51/24 -> 0 | F79: =F51/24 -> 0 | G79: =G51/24 -> 0 | H79: =H51/24 -> 0 | I79: =I51/24 -> 0 | J79: =J51/24 -> 0 | ... O79: =O51/24 -> 0
B80: =IF(ISBLANK(B52),"",B52) | C80: =C52/24 -> 0 | D80: =D52/24 -> 0 | E80: =E52/24 -> 0 | F80: =F52/24 -> 0 | G80: =G52/24 -> 0 | H80: =H52/24 -> 0 | I80: =I52/24 -> 0 | J80: =J52/24 -> 0 | ... O80: =O52/24 -> 0
A82: 7. Cálculo de precipitaciones máximas en 1 hora, PT1 (mm)
B83: Precipitaciones Máximas en 1 hora, PT1 (mm)
B84: T (años) | C84: =IF(ISBLANK(C3),"",C3) | D84: =IF(ISBLANK(D3),"",D3) | E84: =IF(ISBLANK(E3),"",E3) | F84: =IF(ISBLANK(F3),"",F3) | G84: =IF(ISBLANK(G3),"",G3) | H84: =IF(ISBLANK(H3),"",H3) | I84: =IF(ISBLANK(I3),"",I3) | J84: =IF(ISBLANK(J3),"",J3) | ... O84: =IF(ISBLANK(O3),"",O3)
B85: =IF(ISBLANK(B43),"",B43) | C85: =C$32*C43 -> 0 | D85: =D$32*D43 -> 0 | E85: =E$32*E43 -> 0 | F85: =F$32*F43 -> 0 | G85: =G$32*G43 -> 0 | H85: =H$32*H43 -> 0 | I85: =I$32*I43 -> 0 | J85: =J$32*J43 -> 0 | ... O85: =O$32*O43 -> 0
B86: =IF(ISBLANK(B44),"",B44) | C86: =C$32*C44 -> 0 | D86: =D$32*D44 -> 0 | E86: =E$32*E44 -> 0 | F86: =F$32*F44 -> 0 | G86: =G$32*G44 -> 0 | H86: =H$32*H44 -> 0 | I86: =I$32*I44 -> 0 | J86: =J$32*J44 -> 0 | ... O86: =O$32*O44 -> 0
B87: =IF(ISBLANK(B45),"",B45) | C87: =C$32*C45 -> 0 | D87: =D$32*D45 -> 0 | E87: =E$32*E45 -> 0 | F87: =F$32*F45 -> 0 | G87: =G$32*G45 -> 0 | H87: =H$32*H45 -> 0 | I87: =I$32*I45 -> 0 | J87: =J$32*J45 -> 0 | ... O87: =O$32*O45 -> 0
B88: =IF(ISBLANK(B46),"",B46) | C88: =C$32*C46 -> 0 | D88: =D$32*D46 -> 0 | E88: =E$32*E46 -> 0 | F88: =F$32*F46 -> 0 | G88: =G$32*G46 -> 0 | H88: =H$32*H46 -> 0 | I88: =I$32*I46 -> 0 | J88: =J$32*J46 -> 0 | ... O88: =O$32*O46 -> 0
B89: =IF(ISBLANK(B47),"",B47) | C89: =C$32*C47 -> 0 | D89: =D$32*D47 -> 0 | E89: =E$32*E47 -> 0 | F89: =F$32*F47 -> 0 | G89: =G$32*G47 -> 0 | H89: =H$32*H47 -> 0 | I89: =I$32*I47 -> 0 | J89: =J$32*J47 -> 0 | ... O89: =O$32*O47 -> 0
B90: =IF(ISBLANK(B48),"",B48) | C90: =C$32*C48 -> 0 | D90: =D$32*D48 -> 0 | E90: =E$32*E48 -> 0 | F90: =F$32*F48 -> 0 | G90: =G$32*G48 -> 0 | H90: =H$32*H48 -> 0 | I90: =I$32*I48 -> 0 | J90: =J$32*J48 -> 0 | ... O90: =O$32*O48 -> 0
B91: =IF(ISBLANK(B49),"",B49) | C91: =C$32*C49 -> 0 | D91: =D$32*D49 -> 0 | E91: =E$32*E49 -> 0 | F91: =F$32*F49 -> 0 | G91: =G$32*G49 -> 0 | H91: =H$32*H49 -> 0 | I91: =I$32*I49 -> 0 | J91: =J$32*J49 -> 0 | ... O91: =O$32*O49 -> 0
B92: =IF(ISBLANK(B50),"",B50) | C92: =C$32*C50 -> 0 | D92: =D$32*D50 -> 0 | E92: =E$32*E50 -> 0 | F92: =F$32*F50 -> 0 | G92: =G$32*G50 -> 0 | H92: =H$32*H50 -> 0 | I92: =I$32*I50 -> 0 | J92: =J$32*J50 -> 0 | ... O92: =O$32*O50 -> 0
B93: =IF(ISBLANK(B51),"",B51) | C93: =C$32*C51 -> 0 | D93: =D$32*D51 -> 0 | E93: =E$32*E51 -> 0 | F93: =F$32*F51 -> 0 | G93: =G$32*G51 -> 0 | H93: =H$32*H51 -> 0 | I93: =I$32*I51 -> 0 | J93: =J$32*J51 -> 0 | ... O93: =O$32*O51 -> 0
B94: =IF(ISBLANK(B52),"",B52) | C94: =C$32*C52 -> 0 | D94: =D$32*D52 -> 0 | E94: =E$32*E52 -> 0 | F94: =F$32*F52 -> 0 | G94: =G$32*G52 -> 0 | H94: =H$32*H52 -> 0 | I94: =I$32*I52 -> 0 | J94: =J$32*J52 -> 0 | ... O94: =O$32*O52 -> 0
A96: 8. Cálculo de precipitaciones máximas en tiempo de concentración, PTtc (mm)
B97: Precipitaciones Máximas en tiempo de concentración, PTtc (mm)
B98: T (años) | C98: =IF(ISBLANK(C3),"",C3) | D98: =IF(ISBLANK(D3),"",D3) | E98: =IF(ISBLANK(E3),"",E3) | F98: =IF(ISBLANK(F3),"",F3) | G98: =IF(ISBLANK(G3),"",G3) | H98: =IF(ISBLANK(H3),"",H3) | I98: =IF(ISBLANK(I3),"",I3) | J98: =IF(ISBLANK(J3),"",J3) | ... O98: =IF(ISBLANK(O3),"",O3)
B99: =IF(ISBLANK(B43),"",B43) | C99: =C$38*C85 -> #VALUE! | D99: =D$38*D85 -> #VALUE! | E99: =E$38*E85 -> #VALUE! | F99: =F$38*F85 -> #VALUE! | G99: =G$38*G85 -> #VALUE! | H99: =H$38*H85 -> #VALUE! | I99: =I$38*I85 -> #VALUE! | J99: =J$38*J85 -> #VALUE! | ... O99: =O$38*O85 -> #VALUE!
B100: =IF(ISBLANK(B44),"",B44) | C100: =C$38*C86 -> #VALUE! | D100: =D$38*D86 -> #VALUE! | E100: =E$38*E86 -> #VALUE! | F100: =F$38*F86 -> #VALUE! | G100: =G$38*G86 -> #VALUE! | H100: =H$38*H86 -> #VALUE! | I100: =I$38*I86 -> #VALUE! | J100: =J$38*J86 -> #VALUE! | ... O100: =O$38*O86 -> #VALUE!
B101: =IF(ISBLANK(B45),"",B45) | C101: =C$38*C87 -> #VALUE! | D101: =D$38*D87 -> #VALUE! | E101: =E$38*E87 -> #VALUE! | F101: =F$38*F87 -> #VALUE! | G101: =G$38*G87 -> #VALUE! | H101: =H$38*H87 -> #VALUE! | I101: =I$38*I87 -> #VALUE! | J101: =J$38*J87 -> #VALUE! | ... O101: =O$38*O87 -> #VALUE!
B102: =IF(ISBLANK(B46),"",B46) | C102: =C$38*C88 -> #VALUE! | D102: =D$38*D88 -> #VALUE! | E102: =E$38*E88 -> #VALUE! | F102: =F$38*F88 -> #VALUE! | G102: =G$38*G88 -> #VALUE! | H102: =H$38*H88 -> #VALUE! | I102: =I$38*I88 -> #VALUE! | J102: =J$38*J88 -> #VALUE! | ... O102: =O$38*O88 -> #VALUE!
B103: =IF(ISBLANK(B47),"",B47) | C103: =C$38*C89 -> #VALUE! | D103: =D$38*D89 -> #VALUE! | E103: =E$38*E89 -> #VALUE! | F103: =F$38*F89 -> #VALUE! | G103: =G$38*G89 -> #VALUE! | H103: =H$38*H89 -> #VALUE! | I103: =I$38*I89 -> #VALUE! | J103: =J$38*J89 -> #VALUE! | ... O103: =O$38*O89 -> #VALUE!
B104: =IF(ISBLANK(B48),"",B48) | C104: =C$38*C90 -> #VALUE! | D104: =D$38*D90 -> #VALUE! | E104: =E$38*E90 -> #VALUE! | F104: =F$38*F90 -> #VALUE! | G104: =G$38*G90 -> #VALUE! | H104: =H$38*H90 -> #VALUE! | I104: =I$38*I90 -> #VALUE! | J104: =J$38*J90 -> #VALUE! | ... O104: =O$38*O90 -> #VALUE!
B105: =IF(ISBLANK(B49),"",B49) | C105: =C$38*C91 -> #VALUE! | D105: =D$38*D91 -> #VALUE! | E105: =E$38*E91 -> #VALUE! | F105: =F$38*F91 -> #VALUE! | G105: =G$38*G91 -> #VALUE! | H105: =H$38*H91 -> #VALUE! | I105: =I$38*I91 -> #VALUE! | J105: =J$38*J91 -> #VALUE! | ... O105: =O$38*O91 -> #VALUE!
B106: =IF(ISBLANK(B50),"",B50) | C106: =C$38*C92 -> #VALUE! | D106: =D$38*D92 -> #VALUE! | E106: =E$38*E92 -> #VALUE! | F106: =F$38*F92 -> #VALUE! | G106: =G$38*G92 -> #VALUE! | H106: =H$38*H92 -> #VALUE! | I106: =I$38*I92 -> #VALUE! | J106: =J$38*J92 -> #VALUE! | ... O106: =O$38*O92 -> #VALUE!
B107: =IF(ISBLANK(B51),"",B51) | C107: =C$38*C93 -> #VALUE! | D107: =D$38*D93 -> #VALUE! | E107: =E$38*E93 -> #VALUE! | F107: =F$38*F93 -> #VALUE! | G107: =G$38*G93 -> #VALUE! | H107: =H$38*H93 -> #VALUE! | I107: =I$38*I93 -> #VALUE! | J107: =J$38*J93 -> #VALUE! | ... O107: =O$38*O93 -> #VALUE!
B108: =IF(ISBLANK(B52),"",B52) | C108: =C$38*C94 -> #VALUE! | D108: =D$38*D94 -> #VALUE! | E108: =E$38*E94 -> #VALUE! | F108: =F$38*F94 -> #VALUE! | G108: =G$38*G94 -> #VALUE! | H108: =H$38*H94 -> #VALUE! | I108: =I$38*I94 -> #VALUE! | J108: =J$38*J94 -> #VALUE! | ... O108: =O$38*O94 -> #VALUE!
A110: 9. Cálculo de la intensidad media de la precipitación en tiempo de concentración , iTtc (mm/hr) (con fórmula de Grunsky)
B111: Intensidad media de la precipitación en tiempo de concentración, iTtc (mm/hr) (fórmula de Grunsky)
B112: T (años) | C112: =IF(ISBLANK(C3),"",C3) | D112: =IF(ISBLANK(D3),"",D3) | E112: =IF(ISBLANK(E3),"",E3) | F112: =IF(ISBLANK(F3),"",F3) | G112: =IF(ISBLANK(G3),"",G3) | H112: =IF(ISBLANK(H3),"",H3) | I112: =IF(ISBLANK(I3),"",I3) | J112: =IF(ISBLANK(J3),"",J3) | ... O112: =IF(ISBLANK(O3),"",O3)
B113: =IF(ISBLANK(B43),"",B43) | C113: =C71*SQRT(24/C$23) -> #DIV/0! | D113: =D71*SQRT(24/D$23) -> #DIV/0! | E113: =E71*SQRT(24/E$23) -> #DIV/0! | F113: =F71*SQRT(24/F$23) -> #DIV/0! | G113: =G71*SQRT(24/G$23) -> #DIV/0! | H113: =H71*SQRT(24/H$23) -> #DIV/0! | I113: =I71*SQRT(24/I$23) -> #DIV/0! | J113: =J71*SQRT(24/J$23) -> #DIV/0! | ... O113: =O71*SQRT(24/O$23) -> #DIV/0!
B114: =IF(ISBLANK(B44),"",B44) | C114: =C72*SQRT(24/C$23) -> #DIV/0! | D114: =D72*SQRT(24/D$23) -> #DIV/0! | E114: =E72*SQRT(24/E$23) -> #DIV/0! | F114: =F72*SQRT(24/F$23) -> #DIV/0! | G114: =G72*SQRT(24/G$23) -> #DIV/0! | H114: =H72*SQRT(24/H$23) -> #DIV/0! | I114: =I72*SQRT(24/I$23) -> #DIV/0! | J114: =J72*SQRT(24/J$23) -> #DIV/0! | ... O114: =O72*SQRT(24/O$23) -> #DIV/0!
B115: =IF(ISBLANK(B45),"",B45) | C115: =C73*SQRT(24/C$23) -> #DIV/0! | D115: =D73*SQRT(24/D$23) -> #DIV/0! | E115: =E73*SQRT(24/E$23) -> #DIV/0! | F115: =F73*SQRT(24/F$23) -> #DIV/0! | G115: =G73*SQRT(24/G$23) -> #DIV/0! | H115: =H73*SQRT(24/H$23) -> #DIV/0! | I115: =I73*SQRT(24/I$23) -> #DIV/0! | J115: =J73*SQRT(24/J$23) -> #DIV/0! | ... O115: =O73*SQRT(24/O$23) -> #DIV/0!
B116: =IF(ISBLANK(B46),"",B46) | C116: =C74*SQRT(24/C$23) -> #DIV/0! | D116: =D74*SQRT(24/D$23) -> #DIV/0! | E116: =E74*SQRT(24/E$23) -> #DIV/0! | F116: =F74*SQRT(24/F$23) -> #DIV/0! | G116: =G74*SQRT(24/G$23) -> #DIV/0! | H116: =H74*SQRT(24/H$23) -> #DIV/0! | I116: =I74*SQRT(24/I$23) -> #DIV/0! | J116: =J74*SQRT(24/J$23) -> #DIV/0! | ... O116: =O74*SQRT(24/O$23) -> #DIV/0!
B117: =IF(ISBLANK(B47),"",B47) | C117: =C75*SQRT(24/C$23) -> #DIV/0! | D117: =D75*SQRT(24/D$23) -> #DIV/0! | E117: =E75*SQRT(24/E$23) -> #DIV/0! | F117: =F75*SQRT(24/F$23) -> #DIV/0! | G117: =G75*SQRT(24/G$23) -> #DIV/0! | H117: =H75*SQRT(24/H$23) -> #DIV/0! | I117: =I75*SQRT(24/I$23) -> #DIV/0! | J117: =J75*SQRT(24/J$23) -> #DIV/0! | ... O117: =O75*SQRT(24/O$23) -> #DIV/0!
B118: =IF(ISBLANK(B48),"",B48) | C118: =C76*SQRT(24/C$23) -> #DIV/0! | D118: =D76*SQRT(24/D$23) -> #DIV/0! | E118: =E76*SQRT(24/E$23) -> #DIV/0! | F118: =F76*SQRT(24/F$23) -> #DIV/0! | G118: =G76*SQRT(24/G$23) -> #DIV/0! | H118: =H76*SQRT(24/H$23) -> #DIV/0! | I118: =I76*SQRT(24/I$23) -> #DIV/0! | J118: =J76*SQRT(24/J$23) -> #DIV/0! | ... O118: =O76*SQRT(24/O$23) -> #DIV/0!
B119: =IF(ISBLANK(B49),"",B49) | C119: =C77*SQRT(24/C$23) -> #DIV/0! | D119: =D77*SQRT(24/D$23) -> #DIV/0! | E119: =E77*SQRT(24/E$23) -> #DIV/0! | F119: =F77*SQRT(24/F$23) -> #DIV/0! | G119: =G77*SQRT(24/G$23) -> #DIV/0! | H119: =H77*SQRT(24/H$23) -> #DIV/0! | I119: =I77*SQRT(24/I$23) -> #DIV/0! | J119: =J77*SQRT(24/J$23) -> #DIV/0! | ... O119: =O77*SQRT(24/O$23) -> #DIV/0!
B120: =IF(ISBLANK(B50),"",B50) | C120: =C78*SQRT(24/C$23) -> #DIV/0! | D120: =D78*SQRT(24/D$23) -> #DIV/0! | E120: =E78*SQRT(24/E$23) -> #DIV/0! | F120: =F78*SQRT(24/F$23) -> #DIV/0! | G120: =G78*SQRT(24/G$23) -> #DIV/0! | H120: =H78*SQRT(24/H$23) -> #DIV/0! | I120: =I78*SQRT(24/I$23) -> #DIV/0! | J120: =J78*SQRT(24/J$23) -> #DIV/0! | ... O120: =O78*SQRT(24/O$23) -> #DIV/0!
B121: =IF(ISBLANK(B51),"",B51) | C121: =C79*SQRT(24/C$23) -> #DIV/0! | D121: =D79*SQRT(24/D$23) -> #DIV/0! | E121: =E79*SQRT(24/E$23) -> #DIV/0! | F121: =F79*SQRT(24/F$23) -> #DIV/0! | G121: =G79*SQRT(24/G$23) -> #DIV/0! | H121: =H79*SQRT(24/H$23) -> #DIV/0! | I121: =I79*SQRT(24/I$23) -> #DIV/0! | J121: =J79*SQRT(24/J$23) -> #DIV/0! | ... O121: =O79*SQRT(24/O$23) -> #DIV/0!
B122: =IF(ISBLANK(B52),"",B52) | C122: =C80*SQRT(24/C$23) -> #DIV/0! | D122: =D80*SQRT(24/D$23) -> #DIV/0! | E122: =E80*SQRT(24/E$23) -> #DIV/0! | F122: =F80*SQRT(24/F$23) -> #DIV/0! | G122: =G80*SQRT(24/G$23) -> #DIV/0! | H122: =H80*SQRT(24/H$23) -> #DIV/0! | I122: =I80*SQRT(24/I$23) -> #DIV/0! | J122: =J80*SQRT(24/J$23) -> #DIV/0! | ... O122: =O80*SQRT(24/O$23) -> #DIV/0!
...
